Data,Hora,Core1.Temp,Core2.Temp,Core3.Temp,Core4.Temp,Core5.Temp,Core6.Temp,Core7.Temp,Core8.Temp,Core9.Temp,Core.10Temp,Core11.Temp,Core1.Freq,Core2.Freq,Core3.Freq,Core.4Freq,Core5.Freq,Core6.Freq,Core7.Freq,Core8.Freq,Core9.Freq,Core10.Freq,Core11.Freq
2024-10-31,22:12:50,51,49,49,49,48,50,50,50,50,50,52,723233,716141,605849,707475,519475,490344,592.64,552661,502531,509235,571455
2024-10-31,22:12:53,50,48,48,48,48,49,49,49,49,49,49,1652.1,1454572,1227.06,853692,1100362,1211552,828035,1126809,709842,677506,528072
2024-10-31,22:12:55,50,48,48,48,48,50,50,50,50,50,49,638161,594209,467635,462316,504603,492213,817868,652279,465502,726617,868313
2024-10-31,22:12:57,51,48,48,48,48,49,49,49,49,49,49,1445.95,820062,735888,1096653,880458,1062405,1277.63,797549,760.01,689819,629173
2024-10-31,22:12:59,51,48,48,48,48,50,50,50,50,50,49,1225807,504314,577136,679968,783362,497808,1076429,917455,543668,654177,1106.61
2024-10-31,22:13:02,51,48,48,48,49,49,49,49,48,48,48,620526,680832,788619,980371,1425194,842381,651942,537637,491685,720242,1181645
2024-10-31,22:13:04,51,49,49,49,49,50,50,50,51,50,49,594687,633704,644487,713343,530947,724957,793987,839.33,923871,596061,672448
2024-10-31,22:13:06,51,48,48,48,48,51,51,50,50,48,50,538105,670863,604956,786124,718861,815569,1622254,1345618,1405825,2122971,2497392
2024-10-31,22:13:09,52,50,50,50,50,52,52,52,52,51,51,1004287,845334,804284,688882,1665339,1767553,2868992,873035,797644,1013.44,953368
2024-10-31,22:13:11,55,49,49,49,49,51,51,51,51,51,54,1821025,609088,915776,679519,1406383,821268,1108762,728394,1950033,1700383,919312
2024-10-31,22:13:13,54,49,49,49,49,51,51,51,51,50,53,1334652,550029,1389567,804179,1261786,1414662,1289546,873033,1661801,1640359,1218105
2024-10-31,22:13:15,52,49,49,49,49,50,50,50,50,51,52,859915,810078,1058087,1055417,1292592,1228691,1036514,2027303,1687405,696216,1513421
2024-10-31,22:13:18,51,49,49,49,48,50,50,51,51,50,50,611912,592121,474598,742704,561165,636395,1382355,643321,693049,578562,705544
2024-10-31,22:13:20,51,49,49,49,48,49,49,49,49,50,50,707353,671928,580071,596964,642946,546662,625827,494946,533635,634275,557866
2024-10-31,22:13:22,51,48,49,49,49,51,50,50,50,50,50,632.71,1105077,555604,476412,832004,485631,545993,591925,563909,809087,680938
2024-10-31,22:13:24,52,48,48,49,49,51,51,50,50,50,50,621409,638405,751533,668393,698.79,599114,606695,736829,555965,636435,561953
2024-10-31,22:13:27,51,48,48,49,49,50,50,50,50,50,50,727038,574454,638038,875132,665516,634.78,728553,646728,569.98,571213,498738
2024-10-31,22:13:29,51,49,49,49,49,50,50,50,50,48,50,585112,641736,657514,932967,619192,700881,641591,722951,612123,518588,508598
2024-10-31,22:13:31,51,49,49,49,49,51,51,51,51,51,50,719781,708685,643111,728.33,596409,651345,700878,683291,652849,584659,617.31
2024-10-31,22:13:33,51,49,48,48,48,50,50,50,50,50,49,731217,593111,832.97,905855,849.58,1212773,907425,754228,575778,617006,891189
2024-10-31,22:13:43,51,49,49,49,49,50,50,50,50,51,50,621485,682141,450153,559644,612701,649404,589337,841962,705366,557114,561074
2024-10-31,22:13:45,51,48,48,48,48,49,50,50,50,48,50,599.82,557506,697372,802733,567637,969547,617606,713.57,944336,1307728,1070748
2024-10-31,22:13:47,50,48,48,48,48,49,49,49,49,48,49,659325,696196,543239,649124,666.64,564356,540735,719178,527995,881672,886808
2024-10-31,22:13:49,49,47,47,47,47,48,48,48,48,48,48,621948,484322,620451,805594,946588,613466,759578,1284293,580193,508143,538644
2024-10-31,22:13:52,50,48,48,48,47,48,48,48,48,48,47,566606,637.75,557034,703419,657667,784711,893939,744503,554.09,507.56,586409
2024-10-31,22:13:54,49,48,48,48,48,49,49,48,48,48,47,489.2,563543,701749,458.57,701376,919796,672447,549054,546132,601643,476062
2024-10-31,22:13:56,49,47,47,47,47,48,48,47,47,48,47,728289,654691,577202,896.28,561688,661844,709182,544416,785227,544587,768617
2024-10-31,22:13:58,51,48,48,48,48,47,47,47,47,47,47,558694,703301,768153,709213,1140373,581252,543747,599483,784459,615128,570.87
2024-10-31,22:14:01,49,47,47,48,48,47,47,47,47,47,47,486512,632139,613179,598894,498651,651404,666936,561299,511226,518238,628321
2024-10-31,22:14:03,49,47,46,46,46,47,47,47,47,47,47,477566,702636,617017,978864,881439,581019,626718,585612,464.26,631176,613361
2024-10-31,22:14:05,48,46,46,46,47,48,48,48,48,48,47,534721,479.77,735177,919173,850065,598041,666649,498302,509923,632582,503089
2024-10-31,22:14:07,48,47,47,47,47,47,47,47,47,47,45,657593,698739,1067.07,799401,536395,495498,543241,655028,639467,470161,688252
2024-10-31,22:14:10,48,46,46,46,46,47,47,47,47,47,46,691236,919672,724781,663978,500291,598299,707181,515551,499533,514363,521024
2024-10-31,22:14:12,49,46,46,46,46,47,47,47,47,47,46,648.58,769.45,569311,464933,575025,569.23,533975,743981,507035,536933,546583
2024-10-31,22:14:14,48,46,46,46,46,47,47,47,47,48,47,709402,687101,707686,514642,1584792,780858,663623,528965,752602,643.9,571501
2024-10-31,22:14:16,48,46,46,46,46,46,46,46,46,47,47,1086726,652567,529886,397284,523646,736106,711456,599345,487597,687673,574157
2024-10-31,22:14:19,48,47,47,47,46,47,47,46,46,47,45,672506,904314,528235,485501,757491,675922,610989,509558,517362,455798,399879
2024-10-31,22:14:21,49,46,46,46,46,47,47,47,47,47,47,678303,576312,498147,516008,1058522,853688,577923,562714,481437,586143,607421
2024-10-31,22:14:23,48,46,46,46,46,46,46,46,47,45,46,1307787,961645,614.71,644491,601874,693854,541809,480282,505871,769.29,578558
2024-10-31,22:14:26,48,46,46,46,46,46,46,46,46,46,45,711085,463578,711177,707969,482339,700012,531191,571774,544.61,580097,659601
2024-10-31,22:14:28,48,46,46,46,46,47,47,47,47,46,46,598497,651111,635.61,426596,721348,569637,534595,745088,971.68,605959,509671
2024-10-31,22:14:30,48,46,46,46,46,46,46,46,46,47,46,700857,833766,835074,518706,536579,588368,624379,764472,492.08,648.76,666972
2024-10-31,22:14:32,47,46,45,45,45,46,46,46,46,46,47,534017,551865,553448,486829,618593,506.24,554447,1213918,774919,605937,599681
2024-10-31,22:14:35,48,46,46,46,46,47,47,46,46,46,46,531.81,647.02,569167,550267,529175,515706,841041,658995,600897,705937,582558
2024-10-31,22:14:37,48,44,44,44,44,46,46,46,46,46,47,782763,442714,625397,920757,836135,660475,1121855,755738,580174,568.84,500163
2024-10-31,22:14:39,48,44,44,44,45,47,47,47,47,46,45,712671,800801,543702,483915,510329,489479,709174,626094,565198,693.08,894192
2024-10-31,22:14:41,47,44,44,44,44,46,46,46,46,46,47,712908,1605709,1491448,1169022,742767,640705,719932,835.8,862713,786166,919099
2024-10-31,22:14:44,48,45,45,45,46,47,47,46,46,46,45,766942,862333,626923,520074,750467,710074,456066,901638,547171,1165291,678918
2024-10-31,22:14:46,48,46,46,46,46,47,47,47,46,47,46,775933,838048,760707,563838,732227,565166,601.14,657991,701506,498664,635997
2024-10-31,22:14:48,47,46,46,46,46,46,46,46,47,46,45,742.53,454425,564174,857761,732832,628469,1059897,1610282,676.52,535383,536722
2024-10-31,22:14:50,48,46,46,46,47,45,45,45,46,44,46,521361,461065,529655,590012,557585,667032,982961,848393,695653,767.07,467598
2024-10-31,22:14:53,47,44,45,45,44,46,46,46,46,46,45,552031,546.35,582024,704826,838823,676314,904001,691291,547816,540.78,771334
2024-10-31,22:14:55,47,45,45,45,46,46,46,45,45,46,45,568029,654323,481043,474303,585893,549.67,524147,528595,568951,858197,527479
2024-10-31,22:14:57,47,45,45,44,44,45,46,46,46,45,46,583163,686317,617412,430709,674276,546.3,491655,776903,554863,511172,553266
2024-10-31,22:15:00,47,46,46,46,46,45,45,45,45,46,45,672.43,802727,632778,463804,724.96,730339,805681,555382,901.08,543.4,473144
2024-10-31,22:15:02,47,46,45,45,45,45,45,45,45,44,46,830.68,807326,523749,489399,497.98,477528,696663,626.94,559688,482079,688164
2024-10-31,22:15:04,47,45,45,44,44,46,46,46,46,44,45,666606,890381,619434,400389,426175,674905,748547,639476,589193,506137,480457
2024-10-31,22:15:06,48,44,44,44,44,46,46,46,46,44,45,561708,471886,652165,933068,570264,611118,649733,549855,633361,526339,659881
2024-10-31,22:15:09,47,46,45,45,45,45,45,45,46,44,45,445374,468862,629653,775942,610025,524.19,704164,426559,586.17,727.12,535.87
2024-10-31,22:15:11,47,46,46,46,46,46,46,46,46,46,45,640018,639863,608318,766943,571886,663564,578762,516895,563012,580553,751083
2024-10-31,22:15:13,47,46,45,45,45,47,47,47,46,44,46,641.14,617705,625426,505603,534941,663115,560444,503606,999488,1784463,1232182
2024-10-31,22:15:15,47,44,44,44,44,45,45,45,45,44,46,666208,495894,621878,823254,673213,516147,491.14,471803,568987,529591,727.25
2024-10-31,22:15:18,46,46,46,46,46,45,45,45,45,44,46,596695,684874,634987,892095,924297,548592,692829,883098,622175,632768,523505
2024-10-31,22:15:20,47,46,44,44,44,46,45,45,45,46,45,696199,845667,687202,471264,496545,666.1,589083,795226,519074,545327,519108
2024-10-31,22:15:22,47,44,44,44,44,45,45,45,45,46,46,626396,590552,554209,638762,582393,571224,593423,531084,399932,744957,647746
2024-10-31,22:15:24,47,44,44,44,44,46,46,46,46,44,45,612136,682238,543427,460628,725914,545523,498256,526467,597164,600332,902086
2024-10-31,22:15:27,48,44,46,46,46,45,45,45,46,46,45,468469,990.87,763426,546504,662371,650.77,585991,712055,603623,443621,473483
2024-10-31,22:15:29,47,46,46,46,46,46,46,46,46,46,48,1563509,968723,2223557,2867959,1906408,2170792,1937277,787.18,699338,594761,656818
2024-10-31,22:15:31,47,47,47,46,46,46,46,46,46,47,47,1172103,1181623,879548,804.93,811544,865326,906549,776071,549129,661582,819764
2024-10-31,22:15:33,52,50,49,49,49,50,51,51,51,50,52,907635,679419,661805,584942,650018,649198,598441,586756,511.3,589413,716795
2024-11-01,10:02:38,49,47,47,47,47,48,48,48,48,48,47,758169,545745,456196,463012,653586,572055,602382,1094267,661642,741123,507022
2024-11-01,10:02:40,49,47,47,47,47,48,48,47,47,47,47,634876,816792,550321,655272,661404,581.09,639.26,873646,554316,643531,473931
2024-11-01,10:02:42,48,48,48,48,48,48,48,48,48,48,47,594005,589356,836899,834.29,833135,735.13,617.41,604419,507829,793258,634082
2024-11-01,10:02:45,70,65,65,65,65,67,67,67,67,70,70,3233959,3356318,3365494,3224.58,2439475,2483.32,2594907,2555078,2492896,2469179,2466696
2024-11-01,10:02:47,65,60,60,60,60,61,61,61,61,63,62,2940933,2475209,3185826,2470481,2439314,2332253,2409762,2192304,2343.16,2249931,2166575
2024-11-01,10:02:49,80,70,70,70,70,68,68,68,68,77,79,3312684,3236133,3309571,3242279,2442265,2467149,2478182,2463686,2458822,2441006,2465679
2024-11-01,10:02:51,78,70,70,70,70,72,72,72,72,70,77,3369811,4058335,3980077,3975655,3013426,2551991,2553087,2786048,2427668,2411505,2447.66
2024-11-01,10:02:53,64,62,62,61,61,64,64,64,64,65,64,1553468,1462995,3278738,3198529,2479686,2524.86,2451052,2453399,2446923,2409698,2407833
2024-11-01,10:02:56,71,64,64,64,64,67,67,67,67,70,70,3316313,3382926,3620157,3672013,2860081,2687779,2999581,2756728,2687314,2701047,1963429
2024-11-01,10:02:58,64,64,64,63,63,61,61,61,61,64,61,510483,566.08,838798,854784,631.3,1112739,597098,746768,1037456,882078,1002.7
2024-11-01,10:03:00,61,60,60,60,60,59,59,59,59,60,59,1385959,614952,862574,690931,1280868,647378,699541,1151152,774875,886264,1285648
2024-11-01,10:03:02,62,60,60,60,60,61,61,61,61,62,61,1248036,1980677,3402656,1871514,2857377,2841.56,2718001,1661106,1035615,1007713,831.76
2024-11-01,10:03:05,68,64,64,64,64,65,65,65,65,64,67,2521191,1460166,2251921,1092276,996.45,1372362,1232674,1152669,2596841,2906784,2634608
2024-11-01,10:03:07,61,58,58,58,58,59,59,59,58,59,59,892093,633678,781064,482854,843075,1359744,637625,1226461,985357,837263,815019
2024-11-01,10:03:09,91,75,75,75,73,71,71,71,71,75,91,3929026,2122047,3914515,3890313,2895.32,3068322,2982804,2619667,2606.55,960139,2911875
2024-11-01,10:03:11,61,58,58,58,58,61,61,61,61,61,60,549243,612182,572041,552791,1168741,1521667,1480685,1836876,1776.13,2378855,2730.27
2024-11-01,10:03:13,73,69,69,69,69,68,68,68,68,76,68,3389627,3036656,1947809,2729431,3149296,3416645,3384884,1493969,1075,829.88,892663
2024-11-01,10:03:16,62,60,60,60,60,61,61,61,61,62,62,1340592,841552,573487,673302,1657301,1392813,1636325,2358224,911352,834534,635
2024-11-01,10:03:18,61,59,58,58,58,61,61,61,61,59,59,1138.55,1187794,1208732,1600119,1999935,3385041,2157583,653734,683636,537.26,727974
2024-11-01,10:03:20,61,58,58,58,58,59,59,59,59,59,61,1221586,2027528,4313578,4619218,1810456,1257928,898797,630433,788208,862155,872596
2024-11-01,10:03:23,60,58,58,58,58,59,59,59,59,59,59,652888,705455,574162,765465,572679,600152,542407,652968,1000168,802787,535891
2024-11-01,10:03:25,60,58,58,58,58,61,61,61,61,59,59,802487,618028,577669,601625,740382,699547,984576,1074098,739772,599659,599449
2024-11-01,10:03:28,60,58,58,58,58,59,59,59,59,59,60,1552553,877829,695053,671248,1196156,788734,978.96,940381,905556,658465,631.03
2024-11-01,10:03:30,76,73,73,72,72,73,73,73,73,77,75,3187375,3202.42,3364276,3261548,2489833,2640565,2520067,2613515,2585389,2587959,2858692
2024-11-01,10:03:32,64,60,60,60,60,62,62,62,62,62,63,2619422,947717,1131.52,1436101,1042066,1985.86,2484733,2179872,3138346,2833298,3141593
2024-11-01,10:03:34,61,58,58,58,58,59,59,59,59,59,60,924.07,712017,550732,765344,685209,693112,1640392,665856,764043,602213,659045
2024-11-01,10:03:37,61,57,57,57,57,59,59,59,59,59,61,988614,740226,695641,649017,581692,576019,611.09,583846,900547,890567,1314285
2024-11-01,10:03:39,58,57,57,57,57,58,58,58,58,57,56,1302753,1930934,1734449,793083,604672,794738,643897,498446,666.14,519315,737072
2024-11-01,10:03:41,60,55,55,55,55,57,57,57,57,56,55,1045698,472429,766403,628513,717383,861607,611118,576589,773744,806197,648601
2024-11-01,10:03:44,58,57,57,57,58,57,57,57,57,57,57,709204,630607,1538279,1944402,1825532,1170854,956731,709497,511922,768479,597254
2024-11-01,10:03:46,59,55,55,55,55,59,59,59,59,60,57,2023205,666671,907545,502269,631136,614656,936309,653.92,565979,734227,436119
2024-11-01,10:03:48,60,57,57,57,57,57,57,57,57,59,56,980759,566885,497444,514.88,595201,677014,694501,516254,758.76,1246768,602729
2024-11-01,10:03:50,58,55,55,55,55,56,56,57,57,56,55,637.51,861046,799297,498136,492.63,653397,828522,783843,502526,539366,656509
2024-11-01,10:03:53,57,54,54,54,55,57,57,57,56,56,55,918761,627144,578238,897945,825668,1230751,742729,761584,621692,850496,400064
2024-11-01,10:03:55,58,54,54,54,54,56,56,57,57,56,55,659827,637447,695666,743965,752744,1071374,592489,507.08,550549,548.49,732491
2024-11-01,10:03:57,57,54,54,54,54,56,56,56,55,56,54,590505,696959,563426,463228,650208,828706,763862,736554,740172,525131,569166
2024-11-01,10:03:59,56,54,54,54,54,55,55,55,55,57,54,525299,621444,656417,492173,603356,588779,870411,1009203,664137,713031,543985
2024-11-01,10:04:02,57,54,54,54,54,56,56,55,55,55,54,590755,688486,725817,629101,664654,616438,553096,880599,736875,780602,688857
2024-11-01,10:04:04,56,54,54,54,54,55,55,55,56,55,54,469948,448.59,780329,439567,772382,543613,481.06,847.99,414193,608498,490809
2024-11-01,10:04:06,56,54,54,54,53,56,55,55,55,56,54,1066972,936762,1004419,848052,742732,711599,1229402,1182126,1189198,1160739,852113
2024-11-01,10:04:08,56,54,54,54,54,56,56,56,56,55,55,1085.61,900369,886411,849419,806551,816208,1112799,2351612,2476903,2733764,955614
2024-11-01,10:04:11,56,54,54,54,54,56,57,57,57,53,54,824318,554393,732.8,539.64,948374,799162,619855,909131,1203126,1141753,1009214
2024-11-01,10:04:13,57,54,54,54,54,56,56,57,57,53,54,1248662,659.51,655412,704653,868494,654468,860194,712465,997.74,933506,706926
2024-11-01,10:04:15,55,54,53,53,53,55,55,56,56,53,55,777807,602849,793725,889178,834993,875629,711573,1152332,964068,804709,765264
2024-11-01,10:04:17,56,54,54,54,57,57,57,55,55,56,55,1224649,957454,822529,869769,1262595,1171579,604381,999326,922716,1196268,744.37
2024-11-01,10:04:20,57,54,54,54,55,57,57,57,57,55,57,966175,773158,1087968,1196397,1660.42,1208554,1315551,1501227,816631,1095176,1590.51
2024-11-01,10:04:22,56,54,54,54,54,55,56,56,55,55,54,925666,540091,672235,562515,715647,631984,589528,814955,595309,712786,487521
2024-11-01,10:04:24,56,53,53,53,54,55,55,55,55,53,54,608781,553.96,712.23,564734,682787,800105,950359,884547,928892,651841,814515
2024-11-01,10:04:27,55,53,53,53,53,53,54,54,54,53,53,684839,624683,719316,703218,991384,687143,718434,762046,718321,583334,614.59
2024-11-01,10:04:29,55,53,53,53,53,53,53,53,54,51,54,898457,453818,776.68,551003,707697,728212,688923,767268,641438,687457,786085
2024-11-01,10:04:31,55,53,53,53,53,53,53,53,53,53,53,632604,902689,706378,556886,775809,499246,706288,608587,741754,861629,547729
2024-11-01,10:04:33,55,53,53,53,53,55,55,55,55,53,54,1383632,567167,1222154,1181045,1080047,1058018,1069967,903762,743763,715727,1253126
2024-11-01,10:04:36,54,53,53,53,53,53,53,54,54,53,54,834141,567163,1001.78,747696,633975,657391,595588,919632,954138,1042815,760.8
2024-11-01,10:04:38,55,53,53,53,53,55,55,54,54,52,53,895655,991681,974458,856284,897.84,1640745,944752,1113.99,1280951,991609,1515.32
2024-11-01,10:04:40,55,53,53,53,53,55,53,53,53,52,53,748614,514414,563859,503476,678301,604405,824938,658196,1198462,883891,879705
2024-11-01,10:04:42,53,52,52,52,52,53,53,53,53,51,53,717818,575748,629566,779.69,708926,833164,534093,474841,800511,516914,517218
2024-11-01,10:04:45,55,50,50,50,50,53,53,53,53,52,52,916294,827845,807414,767193,859722,799572,900478,818154,658673,816391,656499
2024-11-01,10:04:47,55,52,52,52,52,52,52,52,52,52,53,1348951,852032,642452,709535,1411716,1297728,1802724,1242053,887344,981301,1241999
2024-11-01,10:04:49,55,52,52,52,52,54,53,53,53,51,53,1020442,527487,952921,552777,675678,734.41,1153083,867561,740218,728772,684555
2024-11-01,10:04:51,53,52,52,52,52,52,52,52,52,51,53,821041,825585,920479,819031,763498,1036178,1209543,989967,600.88,621775,631739
2024-11-01,10:04:54,53,52,52,52,52,53,53,53,53,52,52,713782,631854,859547,902793,767249,581517,498592,676292,570226,513059,663783
2024-11-01,10:04:56,53,52,52,52,52,51,51,51,52,51,52,545.18,457142,665561,838066,730506,475356,560432,925372,708692,556968,555748
2024-11-01,10:04:58,53,50,52,52,52,52,52,52,52,52,52,647023,700679,684358,932687,784416,836.32,1291715,2664835,1667735,1089.11,1220907
2024-11-01,10:05:01,53,50,50,50,50,52,52,52,52,51,50,599798,617176,699617,861595,838848,656725,655439,615542,564.71,769818,1048126
2024-11-01,10:05:03,53,51,50,52,52,52,52,51,51,51,52,785951,649516,674953,493996,556374,740652,664151,928186,517.32,702054,552.47
2024-11-01,10:05:05,53,50,50,50,50,53,53,53,53,52,53,543233,627202,549298,589.4,495771,400122,567481,503929,400101,709498,779657
2024-11-01,10:05:07,53,50,50,52,52,51,51,51,51,51,51,567586,1447.87,1576233,1269035,547.29,523185,623338,952925,563946,553379,498311
2024-11-01,10:05:10,53,49,50,50,50,51,51,51,52,51,51,488.64,451476,650914,1003101,917981,504071,744663,519898,707811,724106,444332
2024-11-01,10:05:12,53,50,50,50,50,51,51,51,51,51,52,701854,573345,564927,588006,450.82,497.79,519.63,560621,663498,594506,632598
2024-11-01,10:05:14,53,50,49,49,49,52,52,52,52,50,52,566425,428792,526.9,588799,553.08,649069,554067,557933,638983,790805,909659
2024-11-01,10:05:16,52,49,50,50,50,52,52,52,52,50,51,481652,438288,509206,589601,522848,655839,567997,439284,553771,408638,399995
2024-11-01,10:05:19,53,49,49,49,49,51,51,52,52,50,50,754667,435979,525443,589792,458103,399829,400148,400,963197,792199,626402
2024-11-01,10:05:21,53,49,49,49,49,51,51,51,52,51,51,433152,588341,490868,589.35,497553,410041,399956,453401,400,532356,578434
2024-11-01,10:05:23,52,49,49,49,49,51,51,51,51,50,50,611623,1657932,699121,748035,553462,582899,480742,906483,1010584,616781,488482
2024-11-01,10:05:25,52,49,49,49,49,52,52,52,51,50,50,506556,433116,633488,807447,599426,469448,540745,443765,601911,730468,542424
2024-11-01,10:05:28,52,49,49,49,49,52,52,52,52,50,52,511789,745807,600611,589322,606093,649088,852654,803894,864587,1516578,971092
2024-11-01,10:05:30,52,49,49,49,50,51,52,52,51,50,50,488993,494719,477265,451021,631898,525175,614091,614711,454714,770331,419597
2024-11-01,10:05:32,52,49,49,49,49,51,50,50,50,50,49,567042,588024,452612,430759,1021127,1311861,760128,621944,1082164,701571,629489
2024-11-01,10:05:34,53,50,49,49,49,52,52,52,52,50,50,497474,438022,675794,801501,635111,605578,635371,568.47,543078,600051,659491
2024-11-01,10:05:37,53,48,48,49,49,51,51,50,50,50,50,509803,589787,529.64,675317,1348352,772916,764072,628253,618935,818719,581.51
2024-11-01,10:05:39,52,48,48,48,48,51,51,51,51,48,50,635347,776183,471628,482818,614217,604944,565.47,538137,553.58,583029,616224
2024-11-01,10:05:41,52,49,49,48,48,50,50,51,51,50,49,781321,986499,914851,717376,661084,599716,534674,495369,595203,567321,631.84
2024-11-01,10:05:44,52,49,49,49,49,51,50,50,50,50,50,557618,644744,569661,620004,645412,703111,442728,565129,654855,535512,645309
2024-11-01,10:05:46,53,48,48,49,49,50,50,50,50,48,50,635252,593955,952653,624501,488.73,672707,843.4,806007,606033,746875,571.08
2024-11-01,10:05:48,51,49,48,48,48,50,50,50,50,48,50,778103,869427,606421,898073,509565,632376,745425,579442,560725,516.7,687837
2024-11-01,10:05:50,52,48,48,48,48,50,50,50,50,50,50,1279627,942664,1016.72,571.04,901857,930986,873567,1097394,1324139,663321,830.62
2024-11-01,10:05:53,52,50,49,49,49,51,51,51,52,50,50,954213,761198,545177,632799,789819,987.48,976191,808116,734892,908982,883968
2024-11-01,10:05:55,52,49,49,49,49,50,50,51,51,51,52,836439,618301,718633,664502,1042234,1097546,799674,739793,818024,862529,966609
2024-11-01,10:05:57,52,49,49,49,49,51,51,51,51,50,51,622762,608.85,767321,651752,599099,556.52,563193,557194,896.97,534421,563488
2024-11-01,10:05:59,53,49,49,49,49,51,51,51,51,50,52,704516,641061,654199,530235,720072,824688,512413,521.06,697848,1115084,919669
2024-11-01,10:06:02,52,49,49,49,49,50,52,52,52,50,51,535845,682666,717709,657262,1095591,724007,653985,585.54,566185,717679,1181054
2024-11-01,10:06:04,52,49,50,50,49,52,52,51,51,51,52,1136603,1563297,1677445,2082736,2432725,2866.77,3070925,2489753,1555.58,859362,916606
2024-11-01,10:06:06,53,49,49,49,49,51,51,51,51,51,50,500474,581324,533781,530622,842995,1061945,1166211,985.19,997037,1092616,1502.7
2024-11-01,10:06:08,52,49,49,49,49,51,51,51,51,50,51,1058276,701378,881.14,701.69,513343,557678,584451,519475,607682,746384,624.73
2024-11-01,10:06:11,53,52,52,52,52,53,53,53,53,52,53,1243209,1169.46,1757.35,1342964,1424027,914454,1014936,983.36,979652,951364,1067798
2024-11-01,10:06:13,54,52,52,52,52,52,52,52,52,51,54,1268047,718303,1939095,737034,769882,775545,747951,560385,598217,585889,561.37
2024-11-01,10:06:15,53,50,50,50,50,52,51,51,51,51,52,1040677,1687.6,2428637,1918111,752017,599989,599766,554879,771507,712204,632.98
2024-11-01,10:06:18,53,50,50,50,50,50,50,50,51,51,52,484123,615546,534967,738234,487.28,586739,758574,830348,550495,896315,1156399
2024-11-01,10:06:20,52,49,49,49,49,51,51,51,51,50,51,738034,589.05,522906,704234,1246001,658018,725402,557451,622712,633293,861797
2024-11-01,10:06:22,53,50,50,50,50,52,51,51,51,51,49,553115,590474,466482,440182,668099,621654,831039,634876,809516,610002,593009
2024-11-01,10:06:24,53,49,49,49,49,51,51,51,51,49,50,590517,467437,500236,613724,679764,830973,631735,729868,874741,928.17,890724
2024-11-01,10:06:27,52,49,50,50,50,51,51,51,51,51,52,730451,628177,983888,748358,940557,1027361,901722,877543,818425,777968,801067
2024-11-01,10:06:29,52,49,49,49,49,52,51,51,51,51,51,569448,475353,648091,911751,738461,622751,527547,496814,602258,725848,477168
2024-11-01,10:06:31,52,49,50,50,50,51,51,51,51,53,50,961726,714993,815801,637266,911876,898737,801713,872333,850741,766775,727982
2024-11-01,10:06:33,53,49,48,48,49,51,51,50,50,50,50,985443,984863,485473,523902,697314,786791,1819981,590077,543412,592091,501802
2024-11-01,10:06:36,52,49,49,49,49,51,51,51,51,50,50,711584,750854,691815,404539,692313,665908,905413,581822,584224,999485,751175
2024-11-01,10:06:38,52,49,49,49,49,51,50,50,50,49,50,653791,919456,1190688,1338706,956776,631165,599912,662.01,539137,1073957,1093773
2024-11-01,10:06:40,60,49,49,49,49,52,52,52,52,50,60,2719468,859936,506.34,453984,710119,708374,1007641,836.35,1164623,1712551,873024
2024-11-01,10:06:42,52,49,49,49,49,51,51,51,51,50,49,558825,679792,559412,525757,671447,495533,710985,446928,752951,612516,578006
2024-11-01,10:06:45,52,49,49,48,48,51,51,51,51,48,50,619297,743.78,669068,549434,487172,561103,593561,405024,549962,499034,511835
2024-11-01,10:06:47,52,48,48,48,48,51,51,51,51,50,49,615829,688626,657701,578.49,556158,748.56,458746,754004,585847,601704,571671
2024-11-01,10:06:49,51,48,48,48,48,49,49,49,49,48,49,788589,689226,460154,512559,562.32,777307,556142,581465,611677,539982,675322
2024-11-01,10:06:51,51,48,48,48,48,48,48,50,50,50,49,614168,562232,525751,612298,590377,551559,644.41,635027,669897,494127,525739
2024-11-01,10:06:54,51,48,48,48,48,50,50,50,50,48,50,516742,588698,547048,455802,400008,513129,650641,819763,814433,745637,596007
2024-11-01,10:06:56,51,49,49,48,48,50,50,50,50,48,49,622036,985043,698614,507938,693164,582.96,838057,607853,749866,522848,695507
2024-11-01,10:06:58,51,48,48,48,48,48,49,49,49,48,48,816843,448054,671188,993805,635054,671493,609051,767379,698295,574329,592251
2024-11-01,10:07:01,51,47,47,47,48,50,50,50,50,48,50,643112,515981,638443,840754,601393,732665,507002,747531,615427,522437,519558
2024-11-01,10:07:03,51,47,47,47,47,50,50,50,50,48,49,601233,797534,729332,589088,627303,546082,497647,738361,674798,548333,490932
2024-11-01,10:07:05,52,48,48,48,47,48,48,48,48,48,49,625015,660445,752.68,512692,764363,480338,557404,588398,664846,541599,552124
2024-11-01,10:07:07,51,47,47,47,47,50,50,50,50,48,49,584614,802607,1292858,784514,792744,657539,683853,589231,663591,602.84,702085
2024-11-01,10:07:10,50,47,48,48,48,49,49,50,50,48,49,626857,629884,503956,493188,633773,475631,639044,470873,716813,623432,777006
2024-11-01,10:07:12,49,48,48,48,47,49,49,49,49,48,49,584.65,611206,475575,491292,554776,715803,733288,648888,569797,578479,515448
2024-11-01,10:07:14,51,47,47,47,47,50,50,50,50,47,49,622765,418868,591978,447455,644162,645225,678732,493728,598052,861664,519408
2024-11-01,10:07:16,49,47,47,47,47,48,48,48,48,47,49,885071,613655,785141,559025,543803,541534,676.87,781518,517779,514897,546618
2024-11-01,10:07:19,49,47,47,47,47,48,48,48,48,48,49,740223,594702,569317,544777,646802,923087,599904,468703,589556,649883,625656
2024-11-01,10:07:21,49,46,46,46,46,48,48,48,48,47,47,413138,445159,582.06,795795,467437,498328,574794,504795,616633,515848,703.06
2024-11-01,10:07:23,49,46,46,46,47,48,48,47,47,47,48,855244,514.91,586648,755289,724341,545129,520337,719974,629306,569498,699746
2024-11-01,10:07:25,49,46,46,47,47,48,49,49,49,46,47,778907,487029,602892,751581,659473,660995,570856,561545,403419,816699,560381
2024-11-01,10:07:28,50,47,47,47,46,49,49,49,49,47,48,521445,554696,613455,571256,489996,579318,516849,804538,543177,855557,565532
2024-11-01,10:07:30,49,46,46,46,46,48,48,48,48,47,47,733651,580457,652703,714079,537981,647429,701138,530422,577029,617992,648408
2024-11-01,10:07:32,49,46,46,46,46,48,48,48,48,47,48,555206,672996,633435,735333,744.44,576071,554432,650987,549047,868211,1656406
2024-11-01,10:07:34,49,47,47,47,46,48,50,50,50,44,48,783494,645.38,503622,636338,740709,707272,555036,520182,714941,578911,637219
2024-11-01,10:07:37,49,46,46,46,47,47,47,47,48,47,47,621464,457159,625886,701043,544793,585377,501356,702908,1206664,572035,819732
2024-11-01,10:07:39,49,46,46,46,46,47,47,47,47,46,45,699259,500.45,570.44,467525,537429,680017,700.81,742778,604699,519091,400259
2024-11-01,10:07:41,49,46,47,47,47,47,47,47,47,47,47,485775,495786,670.85,909418,609452,856404,754383,678116,573738,564047,657394
2024-11-01,10:07:43,49,46,46,46,46,47,47,47,47,46,48,583332,514709,540758,723785,536972,512.48,657851,798764,603.45,599067,550068
2024-11-01,10:07:46,49,46,47,46,46,47,47,47,47,46,48,557966,697042,756017,482539,723452,566123,514799,540622,510604,498426,562723
2024-11-01,10:07:48,49,46,46,46,46,48,48,48,48,47,48,1170.27,784782,2100.5,2092871,1717605,1479546,2092939,1136472,2503.22,758.55,498.85
2024-11-01,10:07:50,49,46,46,46,46,48,48,48,47,46,48,486011,476197,677826,894653,763089,673384,507.18,720527,780059,753721,493962
2024-11-01,10:07:53,49,46,46,46,46,48,47,47,47,48,47,601.48,909219,655273,524001,493311,569.12,516559,604607,490.06,603996,663894
2024-11-01,10:07:55,49,46,46,46,46,48,47,47,47,47,47,638583,621324,720407,739143,492514,477704,758953,628459,550.2,521551,730218
2024-11-01,10:07:57,49,46,46,46,46,48,47,47,47,47,48,637953,726035,637789,458.41,507042,636688,745943,528774,578.19,556716,681408
2024-11-01,10:07:59,49,46,46,46,46,47,47,47,47,46,48,815749,524293,616029,834561,604294,612386,703369,476932,655385,567177,670005
2024-11-01,10:08:02,49,46,45,45,45,48,48,48,48,46,47,681245,450806,668271,837.64,554852,463926,722552,471102,535877,742414,586442
2024-11-01,10:08:04,48,44,45,45,46,48,48,48,48,46,47,460987,500663,597123,916135,737161,481059,626756,714004,698123,689952,491972
2024-11-01,10:08:06,48,45,45,45,45,47,47,47,47,46,47,442848,455411,732252,789826,521834,532346,779515,555408,580715,453553,527979
2024-11-01,10:08:08,48,46,46,46,46,47,47,47,47,46,47,574306,831018,923419,988082,630807,603348,656854,581944,646955,529927,489586
2024-11-01,10:08:11,49,46,46,46,46,47,47,47,47,46,46,742271,896352,726339,535586,639727,813293,428462,666261,591715,592889,554897
2024-11-01,10:08:13,48,45,46,46,46,46,46,46,47,46,46,674683,902791,621.5,486.5,466462,585682,577254,571347,456156,533239,595.81
2024-11-01,10:08:15,48,46,46,46,46,47,47,47,47,44,46,550905,497587,522706,487371,785634,596253,668289,711067,505466,738709,753543
2024-11-01,10:08:17,48,46,46,46,47,48,48,48,48,48,47,1493364,592654,537994,509095,612616,817899,619131,666383,400.06,526.7,798661
2024-11-01,10:08:20,48,46,46,46,46,46,47,47,47,46,47,400218,657.42,650766,618.69,475512,604322,571.67,620412,560508,879657,1269378
2024-11-01,10:08:22,49,46,46,46,46,46,48,48,48,47,45,571786,614963,617579,500757,614782,559366,554976,550729,726.12,569285,585801
2024-11-01,10:08:24,49,46,46,46,46,47,47,48,48,44,46,837517,728872,698232,524385,742794,654848,778563,607897,692164,682608,697235
2024-11-01,10:08:26,48,46,46,46,45,46,46,46,46,47,47,774215,850163,542217,648341,690433,520.32,598285,698961,515103,813696,514425
2024-11-01,10:08:29,48,45,45,45,46,46,46,47,47,46,47,676664,735113,1255625,888908,598272,759405,670854,791.85,603055,626226,668419
2024-11-01,10:08:31,48,46,46,46,44,46,46,46,47,44,48,628154,483715,520311,635757,500647,428.58,535567,838673,767531,488949,612991
2024-11-01,10:08:33,48,46,44,44,44,47,47,47,46,44,47,668205,612306,680455,860659,582457,708119,799405,639574,778007,831089,550854
2024-11-01,10:08:35,48,46,46,45,45,46,46,46,46,46,47,560666,500.74,565173,664163,715995,736348,622325,589533,485799,601901,493027
2024-11-01,10:08:38,48,44,45,45,46,47,46,46,47,46,45,521437,501921,567985,565854,458816,795267,438893,399985,660503,521883,583433
2024-11-01,10:08:40,48,46,46,45,45,47,47,47,47,46,45,515759,557242,682297,528143,557844,762529,684472,611047,491.81,627346,924894
2024-11-01,10:08:42,48,45,45,44,44,47,47,47,46,46,45,687065,572102,550232,801.78,1227651,832904,605604,401873,697944,505505,731754
2024-11-01,10:08:45,48,46,45,45,45,47,47,47,46,46,45,674146,715052,989295,612293,530.94,662909,486.26,751585,541752,561218,520619
2024-11-01,10:08:47,48,44,44,44,44,46,47,47,47,44,45,598776,751906,873818,525754,501798,725445,502966,718636,639293,558514,756075
2024-11-01,10:08:49,48,44,44,44,44,46,46,46,45,44,45,592361,737573,590167,493637,747848,566.63,669426,525112,688445,732558,501455
2024-11-01,10:08:51,48,44,44,44,46,47,47,47,47,44,46,546607,684758,659084,554587,655222,734821,783774,641.53,441827,399924,541477
2024-11-01,10:08:54,48,44,46,46,46,46,46,46,46,46,46,760.3,709474,522.9,444448,543056,600515,552488,472346,652073,536.05,661551
2024-11-01,10:08:56,48,44,44,44,44,47,47,47,47,44,45,625969,1020.63,581814,722831,538731,554567,565015,487.81,483175,552003,509.46
2024-11-01,10:08:58,48,45,45,45,46,46,46,47,47,44,47,475175,535881,524065,674489,918734,528119,622472,529.05,844.41,760878,719114
2024-11-01,10:09:00,48,43,44,44,44,47,46,46,46,44,45,499956,632792,509881,714205,643266,543872,519.64,759382,656047,480856,630347
2024-11-01,10:09:03,47,44,44,44,44,46,46,47,47,44,45,616.29,749453,896642,574866,636011,721258,705972,500971,565941,497871,474874
2024-11-01,10:09:05,48,44,44,44,44,47,47,47,46,44,45,668581,525132,582788,856859,709001,530623,605127,533308,490732,755854,499151
2024-11-01,10:09:07,48,45,45,45,45,47,47,47,47,43,46,628952,433288,562104,734748,673651,564056,822091,996827,400081,511.67,500649
2024-11-01,10:09:10,48,45,45,45,45,45,46,46,46,44,45,549676,455612,493673,553081,463572,770618,677257,722.93,543939,645628,574062
2024-11-01,10:09:12,48,44,44,44,44,45,47,47,47,44,45,766274,487.67,578389,820209,734351,529164,671374,793196,598177,587909,538.32
2024-11-01,10:09:14,48,44,44,44,44,46,46,46,46,44,45,599374,683951,798732,542576,494179,554542,685675,666978,493849,511969,547724
2024-11-01,10:09:16,48,44,45,45,45,46,46,46,46,44,45,550216,517213,604502,735194,495814,613365,530409,662481,502581,567477,694737
2024-11-01,10:09:19,48,44,44,44,46,47,47,45,45,44,45,517214,501088,541983,714904,527569,513143,748749,821879,642054,575852,648046
2024-11-01,10:09:21,47,46,45,45,45,45,46,46,46,43,45,637054,522369,571329,706808,654371,788074,532035,742768,543009,621684,560276
2024-11-01,10:09:23,47,44,44,44,44,45,45,45,45,44,45,555414,472209,570315,893374,688324,683062,454.68,509651,724196,555.27,658062
2024-11-01,10:09:25,48,44,44,45,45,45,45,45,45,46,45,642013,850433,584.1,490199,482274,524403,780458,613653,407769,719019,757095
2024-11-01,10:09:28,48,44,44,44,46,46,46,46,45,44,47,556128,593028,633.17,661797,789.38,702837,581227,575453,686657,598786,790553
2024-11-01,10:09:30,48,46,44,44,44,45,45,45,45,44,45,600422,465395,610767,899254,777.39,550912,399915,692159,570741,399893,580305
2024-11-01,10:09:32,48,44,44,44,44,46,46,46,46,46,46,1446844,1508122,2133516,1860.95,1804308,1401663,721128,1832467,1555385,782838,612118
2024-11-01,10:09:34,48,44,44,44,44,47,47,46,46,44,45,741683,662478,527242,588455,508825,553617,600627,494791,856805,657.32,500206
2024-11-01,10:09:37,47,46,46,44,44,46,45,45,45,46,45,646905,585555,500132,459317,636042,527689,696,543886,593844,636954,705927
2024-11-01,10:09:39,48,46,46,46,46,46,46,46,46,47,47,790096,670872,808.76,519333,815577,861848,754267,983238,728834,878767,1040529
2024-11-01,10:09:41,48,46,46,46,46,46,46,46,46,46,45,683959,697424,957489,904047,1003891,1043326,854892,720293,676444,703655,760.69
2024-11-01,10:09:43,48,45,45,45,46,46,46,46,46,44,47,675834,399732,861655,747424,851477,861022,912033,851451,827044,699865,860076
2024-11-01,10:09:46,48,46,46,46,46,46,46,46,47,46,45,578285,713013,920.33,1037387,1330255,905139,596751,550873,636635,621905,666929
2024-11-01,10:09:48,47,46,46,46,46,47,47,47,47,46,46,863591,739836,782173,624394,853385,816339,670.08,541811,689751,701624,726445
2024-11-01,10:09:50,48,46,46,46,46,46,46,46,46,46,47,541332,631528,559637,652.33,727343,849103,585885,516642,719447,657447,559796
2024-11-01,10:09:52,50,48,48,48,48,50,50,50,50,48,49,2526784,1196346,836207,843.93,675763,829826,887246,821471,785282,739696,772.92
2024-11-01,10:09:55,48,46,46,46,46,47,47,47,47,47,46,1062106,721158,605025,621296,454.64,493254,511643,686656,550888,786487,583.22
2024-11-01,10:09:57,48,44,44,44,44,47,47,47,47,47,45,582868,468992,581831,934778,568506,812792,620253,702597,553879,831921,662796
2024-11-01,10:09:59,48,46,46,46,46,47,47,47,47,46,46,1102.59,766763,710515,776315,674336,726082,462411,538721,1102922,1279808,602219
2024-11-01,10:10:01,48,46,46,46,46,47,47,47,47,47,47,573206,663775,662803,587991,684782,641696,739374,908767,644388,575987,592087
2024-11-01,10:10:04,48,45,45,44,44,46,46,46,46,46,45,655833,467725,677715,917452,655652,986609,600969,898928,731706,560723,555.99
2024-11-01,10:10:06,47,44,44,44,44,46,46,46,46,46,45,611.89,447595,570.93,753783,631.21,699311,606905,636558,657945,473629,416157
2024-11-01,10:10:08,48,44,45,45,46,46,47,47,46,43,45,756846,461345,628476,485534,539484,541426,1411631,898168,479347,527866,656816
2024-11-01,10:10:11,48,44,44,44,44,46,46,46,46,46,45,649477,558898,586235,832344,482003,551.11,496771,845.42,562669,874347,626122
2024-11-01,10:10:13,48,44,46,46,46,46,46,46,46,44,45,528113,823312,593391,548709,506945,636677,509.21,559675,584.81,497662,479512
2024-11-01,10:10:15,47,44,44,44,44,46,46,46,46,44,44,723609,1064734,771762,486179,589245,788312,603476,692137,607264,634536,731417
2024-11-01,10:10:17,47,44,44,44,43,45,45,45,47,44,44,585778,597762,1285217,1670933,671011,700512,562.24,588.26,781808,519639,458946
2024-11-01,10:10:20,47,44,44,44,45,46,46,46,46,44,45,793009,483297,677199,801567,522438,577713,625316,802505,619.87,579699,609551
2024-11-01,10:10:22,47,43,44,44,43,46,46,46,46,44,44,606257,716281,603847,499.62,574625,835441,540859,654232,486561,577258,597177
2024-11-01,10:10:24,46,43,43,43,43,45,45,46,46,44,45,525904,456097,648909,550805,498962,539281,505173,591387,515195,593832,504497
2024-11-01,10:10:26,48,43,44,44,43,45,45,45,45,43,45,632092,477938,558.67,588073,542322,586531,487.33,470073,1047722,916465,480961
2024-11-01,10:10:29,47,43,43,44,44,47,45,45,45,44,45,715412,523379,552116,591219,403.58,405687,509196,504744,581385,599384,475049
2024-11-01,10:10:31,47,44,44,44,44,45,45,46,46,44,44,591063,505801,496068,554692,556482,599645,599429,600708,583861,617102,512611
2024-11-01,10:10:33,48,44,44,44,44,46,46,46,45,43,45,574.23,541584,550685,609505,540463,400168,921034,1200254,686262,512673,678045
2024-11-01,10:10:35,47,44,45,45,45,46,45,45,45,44,44,533241,530575,601742,552349,547784,765749,749075,727697,516363,581.46,504148
2024-11-01,10:10:38,47,44,44,44,44,45,45,45,45,43,45,525069,503052,615904,831223,527598,679282,552005,491967,723538,536832,547703
2024-11-01,10:10:40,47,44,44,44,44,45,45,46,46,44,45,604639,479341,651313,1033.25,656025,805739,640532,473986,551366,702138,693548
2024-11-01,10:10:42,46,44,44,44,44,46,46,45,45,43,45,635544,450717,1155.85,592049,841041,628926,628899,599.97,918.06,516659,636123
2024-11-01,10:10:45,47,44,44,44,44,45,45,45,45,43,44,528787,1111.44,630.13,650014,849225,712.5,610278,493357,540.78,691898,466551
2024-11-01,10:10:47,47,44,43,43,43,46,45,45,45,44,44,629397,503932,592676,462567,641594,755635,737807,819477,634869,641851,617288
2024-11-01,10:10:49,46,44,43,43,43,46,45,45,45,44,44,798349,680166,627793,854014,465079,648373,500872,733.05,566.2,517944,574.4
2024-11-01,10:10:51,46,44,44,44,43,45,45,45,45,43,45,473875,593989,773644,688895,647.7,455769,729857,797414,587589,792988,511913
2024-11-01,10:10:54,47,43,43,43,43,45,45,45,45,44,44,699694,661.2,556777,790.02,769609,648858,618496,522924,568.5,552218,543293
2024-11-01,10:10:56,46,43,43,43,43,46,46,46,44,43,45,661955,494763,748369,746202,579165,590317,509773,523775,589336,506191,465106
2024-11-01,10:10:58,45,44,44,44,44,45,45,45,45,43,44,556593,544.09,593061,557457,475814,582468,517676,521106,554327,857296,529163
2024-11-01,10:11:00,46,43,43,43,43,45,45,45,45,43,44,721309,837901,680392,771753,585857,557477,495786,680962,487825,601.92,581721
2024-11-01,10:11:03,46,43,43,43,43,45,45,45,45,44,45,755291,580466,581096,766165,505384,660742,568376,525.48,670991,519179,774007
2024-11-01,10:11:05,46,43,44,44,43,44,44,44,45,42,44,476.22,764868,563664,712592,626285,739471,565619,665806,510022,551648,769679
2024-11-01,10:11:07,46,43,43,43,43,45,45,45,44,42,45,685292,452.43,567568,743067,621405,648998,617678,520383,1075531,1738914,518968
2024-11-01,10:11:09,46,43,43,43,43,44,44,44,44,43,44,590138,590.14,718044,518723,528747,565881,692585,505817,573321,696639,493817
2024-11-01,10:11:12,46,43,43,43,42,45,45,45,45,43,44,645705,933.08,619766,537.71,739.02,652979,644.45,789516,570725,494932,531612
2024-11-01,10:11:14,45,43,43,43,43,44,44,44,45,43,44,637518,645767,591105,866014,835401,546798,763.91,530056,498675,562343,543235
2024-11-01,10:11:16,47,44,44,44,44,44,44,44,44,43,47,1335.82,1813465,1141876,1957003,1338378,1561284,1188359,1721481,1844957,1729544,725177
2024-11-01,10:11:19,46,43,43,43,44,45,45,45,45,43,44,757522,995648,525676,528695,589313,665804,640813,484647,539773,560958,491033
2024-11-01,10:11:21,46,43,43,43,43,44,44,44,44,43,44,981822,1009824,625503,752811,614347,661049,598004,504.7,552659,555939,558472
2024-11-01,10:11:23,46,43,43,43,43,45,45,45,45,43,44,527755,699636,498.07,475037,680675,756224,518996,758469,547372,526495,632115
2024-11-01,10:11:25,47,44,44,44,44,44,45,45,45,43,44,674979,799491,543761,451393,891487,632148,490169,516861,844297,529574,488932
2024-11-01,10:11:28,45,43,43,43,43,45,44,44,44,43,44,652829,725612,397785,543479,743.17,636925,644659,735159,549.71,511019,680084
2024-11-01,10:11:30,46,43,43,43,43,44,44,44,44,42,43,480406,760.56,549773,568.37,729575,835508,757815,538623,505064,786891,543794
2024-11-01,10:11:32,45,42,42,42,42,45,45,45,44,43,43,885581,801433,858843,1248717,1454.88,1530163,1684376,1777012,627.48,703924,548431
2024-11-01,10:11:34,46,44,44,44,44,46,46,46,46,46,47,889419,784205,1175373,958787,777524,1193669,995547,766733,471264,551651,520227
2024-11-01,10:11:37,46,44,44,44,44,45,45,45,45,44,44,492771,664337,438.6,1391649,1119873,820942,790.85,674927,767375,603613,726934
2024-11-01,10:11:39,46,45,44,44,44,45,45,45,45,44,43,577737,529101,507759,460.58,568641,763224,671353,731223,627.39,804688,809.65
2024-11-01,10:11:41,46,44,44,44,46,45,45,45,45,44,44,787363,554561,532415,451083,699551,719882,503343,1009042,689148,756909,1199568
2024-11-01,10:11:43,46,44,44,44,44,45,45,45,45,44,44,581642,648.22,505647,571645,513613,518668,785543,499261,504431,666715,491561
2024-11-01,10:11:46,47,43,43,43,43,45,45,45,45,44,44,573.43,468001,750687,595.68,516.75,485188,568.75,650.23,759876,623316,669451
2024-11-01,10:11:48,46,44,44,44,44,45,45,45,45,43,45,789355,571153,643272,624305,784995,788822,693016,515657,547988,553974,531465
2024-11-01,10:11:50,47,46,46,46,46,45,46,46,46,46,47,2991039,1983023,4483214,3520213,1186366,688264,621521,646135,708.6,722903,579021
2024-11-01,10:11:52,46,46,46,46,44,46,46,45,45,44,45,792227,786402,723886,1170814,913231,755931,804494,719703,638.76,700.26,784179
2024-11-01,10:11:55,47,46,46,45,45,46,46,45,45,44,47,957716,625708,793205,879252,813542,809743,727563,1008135,555496,757521,680867
2024-11-01,10:11:57,48,47,47,47,46,47,46,46,46,44,46,878.87,688.89,797911,829718,867565,837.78,884364,790376,923205,822112,955147
2024-11-01,10:11:59,47,47,46,46,46,46,46,47,47,46,47,905088,818864,849295,562612,1045512,918291,711799,554172,578613,496356,727.56
2024-11-01,10:12:02,47,46,46,46,46,45,45,44,44,46,45,1026014,1400718,825271,689865,809098,751.09,754913,841044,719977,1099477,860881
2024-11-01,10:12:04,47,45,45,46,46,47,46,46,46,44,45,567269,754558,804828,580.28,1050205,738344,833893,701696,532001,689571,814517
2024-11-01,10:12:06,48,45,46,46,46,45,45,45,46,44,45,797721,571774,575832,521275,619011,760006,744092,796258,751855,618985,590905
2024-11-01,10:12:08,47,45,45,45,45,46,46,46,45,44,44,781232,543143,561265,472094,637933,584.26,600172,600033,580727,481845,552307
2024-11-01,10:12:11,47,44,44,44,44,46,46,46,46,44,44,595004,632382,654956,460165,543203,625632,894002,644827,593436,522086,780143
2024-11-01,10:12:13,47,44,44,44,44,45,45,45,45,44,45,595958,627254,634513,502085,784871,735762,708466,803166,973263,525328,550472
2024-11-01,10:12:15,46,43,44,44,44,45,45,46,46,44,44,541.46,744889,723.18,535244,510974,557164,839874,523864,792684,542647,566059
2024-11-01,10:12:17,46,44,44,44,43,45,45,45,45,44,44,1229571,1632991,646503,596207,644244,554488,675853,657682,616912,640062,543401
2024-11-01,10:12:20,46,44,44,44,44,46,46,46,46,44,44,715336,654881,459509,470307,556812,835221,563852,537871,645564,573012,780096
2024-11-01,10:12:22,47,44,44,44,44,45,45,45,45,44,45,760174,640535,670397,530055,516888,769273,495471,540699,652539,484886,560951
2024-11-01,10:12:24,45,44,44,44,44,44,45,45,45,44,44,555306,751634,742011,524269,665.95,766914,618283,637542,544292,544193,509899
2024-11-01,10:12:26,47,44,44,44,44,45,45,45,45,46,44,606246,559711,620654,504292,554897,533256,504553,775715,616717,752936,556654
2024-11-01,10:12:29,46,43,43,43,43,45,45,45,45,43,44,670516,733537,696.67,769789,632002,526117,695245,819464,536982,542796,696142
2024-11-01,10:12:31,46,44,44,44,44,45,45,45,45,44,44,711516,948833,594752,773739,638018,721952,501534,701158,511972,597512,490.83
2024-11-01,10:12:33,46,43,43,43,43,45,45,45,45,44,44,632925,656844,554692,459081,617686,399804,515873,596162,487822,741174,777904
2024-11-01,10:12:35,46,44,44,44,43,45,45,45,45,44,44,877.35,721332,670788,443674,433371,673799,547.56,689536,504787,512444,803072
2024-11-01,10:12:38,45,44,44,43,43,44,44,44,44,46,44,584891,700477,659863,869625,597143,657965,595563,644853,505462,781447,591878
2024-11-01,10:12:40,47,44,44,44,44,45,45,45,45,44,44,551736,744762,649489,592783,642705,615959,766.82,712098,589961,608105,535173
2024-11-01,10:12:42,46,43,43,43,43,45,45,44,44,43,44,769514,503.14,790593,1035429,689208,643648,482266,830392,491.37,710058,622676
2024-11-01,10:12:45,46,43,43,43,43,44,44,44,46,43,44,500547,457818,665843,578309,568798,745673,534.42,484958,552677,590346,556719
2024-11-01,10:12:47,45,44,44,44,43,44,44,44,44,44,44,707812,436829,668435,805541,656286,656238,599947,504827,561361,691137,556002
2024-11-01,10:12:49,45,43,43,43,44,44,44,45,45,44,44,400163,457264,635066,801393,692614,552989,550889,602493,614428,491623,520233
2024-11-01,10:12:51,45,43,43,43,44,44,44,44,44,43,44,749.51,506342,593.62,710735,649771,764205,495883,719201,580577,674716,528673
2024-11-01,10:12:54,46,44,44,44,44,45,45,44,44,44,43,783599,466266,566351,434914,681418,864774,799426,600579,459502,650623,581042
2024-11-01,10:12:56,44,43,43,43,43,45,45,45,45,43,44,473433,458816,610378,493828,581831,873916,844227,952.62,561744,401.96,722341
2024-11-01,10:12:58,45,44,44,44,44,45,45,44,44,42,43,539342,439356,552845,592.83,609279,798478,622649,695227,531719,501763,555744
2024-11-01,10:13:00,45,43,43,43,43,44,44,44,44,43,44,1363.84,636243,2073147,2206203,1452385,1328926,883.9,942716,1772308,1902605,717418
2024-11-01,10:13:03,45,44,45,45,44,45,45,45,45,44,44,568975,469157,601961,560995,642934,776255,688572,695816,667045,592982,534098
2024-11-01,10:13:05,45,44,43,43,43,44,44,44,45,43,43,1475919,620594,468025,459763,729045,675357,631886,699301,648986,587742,509064
2024-11-01,10:13:07,45,43,43,43,43,44,44,44,44,43,44,656244,740039,522.83,563645,776.94,580.88,652992,649019,661656,601083,594226
2024-11-01,10:13:09,45,43,43,43,43,44,44,44,44,44,44,681334,765873,940439,664.33,643394,861688,522001,628215,786593,541427,486858
2024-11-01,10:13:12,44,43,43,43,43,44,44,44,44,43,43,658995,752443,637803,506123,666102,501187,598948,626329,535.63,521.41,1094739
2024-11-01,10:13:14,45,43,44,44,44,44,44,44,44,43,44,759441,964816,564672,545616,683155,767302,663353,708211,772.19,702804,496898
2024-11-01,10:13:16,44,43,43,43,43,44,44,44,44,43,44,642.95,854532,728.16,818458,736386,523386,642922,532703,572897,539898,487622
2024-11-01,10:13:18,46,43,44,44,44,45,45,45,44,43,43,833396,1329754,532797,654508,603055,529581,491679,516495,536.99,700529,556.39
2024-11-01,10:13:21,45,42,42,43,43,44,44,44,44,42,43,759.93,523905,622877,474.01,687152,454119,716215,900707,689146,496785,558657
2024-11-01,10:13:23,45,43,43,43,42,45,44,44,44,43,43,666044,448924,650011,475933,603797,672774,844011,793427,567442,399744,513495
2024-11-01,10:13:25,44,42,42,42,42,44,44,44,44,42,44,647786,912161,715027,464246,657866,824312,607012,857315,548452,527165,548482
2024-11-01,10:13:27,45,43,43,43,43,44,45,45,45,43,43,646169,744482,569.4,431584,737631,640022,616126,638204,599153,505401,601047
2024-11-01,10:13:30,44,43,43,43,43,44,43,43,43,43,44,546147,460.99,581861,584007,526621,557876,654998,573324,588968,903246,555618
2024-11-01,10:13:32,45,43,43,43,43,44,44,44,44,43,43,784744,717.67,716647,472391,680.83,540537,668059,574278,622299,580056,664129
2024-11-01,10:13:34,45,43,43,43,43,45,45,45,44,42,43,738037,985343,680616,514955,678471,535791,691839,526101,521122,566025,710275
2024-11-01,10:13:37,45,43,43,43,43,44,44,44,44,42,43,640087,804511,622591,529213,709357,594.85,597991,534036,553863,742139,517114
2024-11-01,10:13:39,45,43,43,43,43,44,44,44,44,42,43,642803,799976,593175,517689,589.5,637701,662886,487.97,847252,676015,663294
2024-11-01,10:13:41,44,43,43,43,43,45,45,44,44,43,43,726085,1056758,445611,521867,550.04,508646,684284,643.53,561415,504433,545635
2024-11-01,10:13:43,45,43,43,43,43,44,44,44,44,42,43,741572,1055544,601703,611674,635369,540647,907.36,517122,535.38,489765,508448
2024-11-01,10:13:46,45,42,43,43,43,44,44,44,44,42,42,700831,620379,637741,476.41,679953,643861,727097,695712,474718,526847,489974
2024-11-01,10:13:48,45,43,43,43,43,43,43,43,44,42,42,731148,911176,660.14,826817,798882,523251,719622,549.45,574027,399.87,550953
2024-11-01,10:13:50,45,43,43,42,42,44,45,45,45,42,43,623533,432535,592465,842388,802096,747015,599077,656045,529208,578335,674098
2024-11-01,10:13:52,44,42,42,42,42,44,44,44,43,42,43,860662,539991,1148208,1475515,820769,570734,611742,604021,468873,502714,530904
2024-11-01,10:13:55,45,42,42,42,42,44,44,44,44,42,43,642768,828799,504478,425487,727499,825763,597355,599.39,567894,603981,509882
2024-11-01,10:13:57,44,42,42,43,43,44,44,44,44,42,44,855435,468281,632078,924.51,589358,524662,593052,524624,533.84,544626,744525
2024-11-01,10:13:59,44,42,43,43,43,44,44,44,43,42,43,660.89,743298,578542,736159,807873,573092,423617,525551,724057,531.45,660387
2024-11-01,10:14:01,44,42,42,42,42,43,43,43,43,42,44,571844,798799,688314,753596,1009008,567198,497.34,528191,486382,663159,505104
2024-11-01,10:14:04,44,43,43,43,43,43,43,43,43,42,43,520777,456083,497401,462.64,523277,519404,800158,461793,563588,490868,400.04
2024-11-01,10:14:06,45,42,42,42,43,44,44,44,44,41,43,825325,504403,642.81,868837,713.43,685233,588135,524191,617344,594752,541082
2024-11-01,10:14:08,44,43,42,42,42,44,42,42,42,42,43,455175,500047,400464,452157,533765,515639,583812,532184,571462,635513,652491
2024-11-01,10:14:10,44,42,42,41,41,43,44,44,44,42,44,400155,487578,511.83,545728,682.23,719766,650641,692974,809.06,505.8,475431
2024-11-01,10:14:13,45,42,42,42,42,44,44,44,44,42,43,649053,615445,700133,603,746948,586807,777192,843078,761338,578837,589448
2024-11-01,10:14:15,44,42,42,42,42,43,43,44,44,42,42,552662,424201,741512,453048,576.49,805376,586869,472111,539459,720.55,433286
2024-11-01,10:14:17,44,43,43,42,42,44,44,44,44,42,43,539669,793435,722127,514694,534285,562669,556664,490698,1265.03,666043,493111
2024-11-01,10:14:20,44,43,43,43,43,43,43,43,43,41,43,590325,583799,612926,923224,555165,567797,559921,519754,507161,628862,564209
2024-11-01,10:14:22,44,43,42,42,42,44,42,42,42,42,43,713483,473151,438226,454858,549.33,770765,633318,482655,491194,635926,594683
2024-11-01,10:14:24,44,42,42,42,42,43,43,44,44,41,42,417658,450771,454406,522143,617309,688311,698735,886535,725744,575439,665669
2024-11-01,10:14:26,44,42,42,42,42,43,43,43,44,42,43,513424,741188,506806,515064,504648,566843,641743,678983,520008,533993,601983
2024-11-01,10:14:29,44,41,41,41,41,42,42,42,42,42,43,473262,501689,600603,1018024,623369,565.24,478684,501055,544693,603651,531534
2024-11-01,10:14:31,44,43,41,41,41,44,44,44,44,42,42,611101,398104,557435,616.35,516673,838782,535963,507404,562465,621364,501.8
2024-11-01,10:14:33,44,42,42,42,42,44,44,44,44,41,44,530329,446.6,635348,868123,546567,538558,507506,496697,764117,615854,607.28
2024-11-01,10:14:35,44,42,42,42,42,42,42,42,42,41,43,692493,984963,539.61,428014,534589,539811,532921,487819,472093,642083,521451
2024-11-01,10:14:38,44,43,43,43,43,42,43,43,43,43,42,880131,501815,614192,681973,482.62,557351,893874,537531,594.5,538.92,480727
2024-11-01,10:14:40,44,41,41,41,41,44,44,44,44,41,41,627899,670087,613434,529.5,556982,551734,706.76,507552,712072,678975,747435
2024-11-01,10:14:42,44,41,41,41,41,42,44,44,44,41,42,699614,762432,663686,432.74,626173,508.62,544147,627326,705565,519168,791591
2024-11-01,10:14:44,44,42,42,42,42,43,43,43,42,42,43,1371117,534245,2080209,1866.9,1484172,1192.98,863265,1407603,1655512,516751,602541
2024-11-01,10:14:47,44,43,43,43,42,44,44,44,43,42,43,798745,670298,417843,436929,499356,680542,716212,522582,519.26,516911,543861
2024-11-01,10:14:49,44,42,41,41,41,44,44,44,44,42,43,660465,806511,768083,496708,630723,856721,598251,489585,752113,735416,541132
2024-11-01,10:14:51,44,41,41,41,41,42,42,42,44,42,42,570093,495693,671891,1040832,636613,682795,748979,601156,635892,735098,536.78
2024-11-01,10:14:54,43,42,42,42,42,43,43,43,44,41,44,540007,433339,629719,917382,632581,572575,562391,564894,476094,584721,495299
2024-11-01,10:14:56,44,41,41,41,42,42,42,43,43,42,42,554271,614.66,879657,477759,478443,675116,534982,1063246,495426,553638,553838
2024-11-01,10:14:58,44,42,42,42,42,43,43,43,44,42,42,745719,733744,668879,428555,788179,764905,909453,564565,488467,715405,702869
2024-11-01,10:15:00,43,42,42,42,42,43,43,43,43,42,41,626712,706488,675854,494329,568249,594617,571933,471123,517.78,733191,609546
2024-11-01,10:15:03,44,42,41,41,41,42,42,42,44,42,43,654322,528633,536368,486423,625754,692909,480.84,650128,508501,866118,576444
2024-11-01,10:15:05,44,42,42,42,42,43,43,43,43,42,42,614026,756154,821.1,1028734,619675,586.6,603776,553286,723147,449821,714.92
2024-11-01,10:15:07,44,42,42,42,42,43,43,43,42,42,43,622121,723236,588694,500322,491723,596992,623552,600633,530508,522087,501698
2024-11-01,10:15:09,43,42,42,42,42,42,42,42,43,42,42,702.47,801762,491521,642701,908.79,509275,561714,525748,814293,547791,641129
2024-11-01,10:15:12,44,41,41,41,41,43,44,44,44,42,43,852.89,430991,713392,735321,596302,725.59,745332,599654,599795,458476,604412
2024-11-01,10:15:14,44,41,41,41,42,42,42,42,42,41,42,671384,779648,521.18,551.52,718532,548289,478.9,461676,570637,763949,642206
2024-11-01,10:15:16,44,42,42,41,41,42,42,42,42,42,42,558375,576447,432512,483281,551464,809991,590347,708465,570948,556618,707442
2024-11-01,10:15:18,44,42,42,42,42,42,44,44,44,42,43,769011,761055,589108,1288803,568042,654784,1054532,754922,596.05,594253,783151
2024-11-01,10:15:21,44,41,41,41,41,43,43,42,42,42,42,629447,729423,565175,487584,870478,537624,477887,744249,613474,576.26,717428
2024-11-01,10:15:23,44,41,41,41,41,43,43,43,43,42,41,718033,1049413,643271,621237,638974,561206,709761,524549,651219,606728,551.74
2024-11-01,10:15:25,44,41,41,41,41,42,42,42,41,41,42,886345,708064,816624,449291,672195,557.05,623792,713193,590.4,561.64,544098
2024-11-01,10:15:27,44,41,41,41,41,44,43,43,43,41,42,1452596,992714,642992,523811,684344,510465,739514,529743,708371,759512,582921
2024-11-01,10:15:30,44,41,41,41,41,44,44,44,42,39,42,768504,758428,557.04,682868,856489,479495,487907,552831,504936,620538,793893
2024-11-01,10:15:32,44,41,41,41,41,41,42,42,42,41,42,884538,474807,908682,832866,543836,476771,728726,527.87,604372,758056,666624
2024-11-01,10:15:34,44,41,41,41,42,42,42,42,42,41,42,811224,583796,566987,486817,501441,412745,400126,399766,461526,447259,487014
2024-11-01,10:15:36,44,42,42,41,41,43,43,42,42,41,42,674056,548055,634775,679795,489138,508755,550014,563869,580734,554991,509842
2024-11-01,10:15:39,44,41,41,41,41,42,42,42,42,41,42,561.67,433153,558283,588631,539039,525954,529609,482425,494417,559154,521682
2024-11-01,10:15:41,45,41,41,41,41,43,43,44,44,42,42,638379,589955,522337,588894,484987,472134,535.62,478285,505378,471973,538001
2024-11-01,10:15:43,44,42,42,42,42,42,42,43,43,42,42,648969,573207,486449,779.96,1283496,1275836,560066,655228,529591,400029,1220682
2024-11-01,10:15:46,44,42,42,42,42,42,42,42,42,41,42,660347,707288,730185,557768,774842,531868,550256,701966,472647,517473,576489
2024-11-01,10:15:48,44,42,42,42,42,43,43,43,43,42,43,500566,461646,674.05,935882,664337,474408,576046,788704,572829,532.94,635.09
2024-11-01,10:15:50,44,41,41,42,42,42,42,42,42,42,42,629129,724.51,498131,861.99,546532,560718,684007,497462,681.71,542029,715815
2024-11-01,10:15:52,44,41,41,41,41,43,43,43,42,42,42,641594,464.21,606876,807.05,498849,639949,780635,1193.84,631847,622218,602146
2024-11-01,10:15:55,44,42,42,42,42,42,42,42,43,42,42,690439,759045,547104,453977,641877,499.25,538.22,448382,743507,584488,608336
2024-11-01,10:15:57,44,41,41,41,41,42,43,43,43,41,42,608003,761472,716.07,456616,712785,594482,483498,771013,707927,521032,586381
2024-11-01,10:15:59,43,42,42,42,42,44,44,44,44,41,42,662.19,494808,529732,613103,779791,668524,503726,561961,584244,504172,603171
2024-11-01,10:16:01,44,42,42,42,42,43,43,43,43,39,42,488299,667906,617122,873826,698196,643118,597092,660035,783869,690911,645018
2024-11-01,10:16:04,44,41,41,41,41,44,44,44,44,42,42,848338,648658,628952,729195,644159,621087,697.26,460385,509459,522484,594.22
2024-11-01,10:16:06,44,41,41,41,41,42,42,42,44,42,42,578765,622566,473774,693659,772389,658163,682546,723243,549104,663526,725541
2024-11-01,10:16:08,44,41,42,42,42,45,43,43,43,42,42,631984,615033,687082,703446,669317,760468,639979,653855,545179,714534,583566
2024-11-01,10:16:10,44,42,42,42,42,43,43,43,43,42,43,694514,554913,639927,524595,618282,520698,539338,590962,604396,550.33,743006
2024-11-01,10:16:13,45,42,42,42,42,44,44,44,43,42,43,902217,732288,500673,500275,614225,566171,763494,705449,616928,529621,520423
2024-11-01,10:16:15,44,43,43,43,43,44,44,44,44,39,43,622.65,556114,668661,700.35,517412,688913,632565,683737,605115,591937,634559
2024-11-01,10:16:17,44,42,42,43,43,45,45,45,45,42,43,454286,468393,1063363,1295634,507188,1807426,703.06,661734,569.38,1515282,690281
2024-11-01,10:16:20,44,42,43,43,42,44,43,43,44,43,42,745996,478.12,487743,637014,592389,568877,511237,613727,542432,784651,747874
2024-11-01,10:16:22,45,42,42,42,42,44,44,44,44,42,42,531087,423435,516074,590079,399797,399936,399882,526193,523717,399996,478062
2024-11-01,10:16:24,44,41,41,42,42,43,43,43,43,42,44,496389,443954,574794,880106,563588,539688,795096,624824,527895,785253,754882
2024-11-01,10:16:26,48,47,47,47,47,45,44,44,44,48,44,741884,658248,639737,651982,606861,696.9,644254,830658,564981,560.94,556839
2024-11-01,10:16:29,45,42,42,42,42,44,44,44,44,44,44,1381527,644287,2103679,2128189,1765182,1402851,761704,3207677,1775.6,610057,539567
2024-11-01,10:16:31,44,41,42,42,42,44,43,43,43,41,43,566396,499591,445903,425.6,648595,756996,883.29,820099,835106,503815,517584
2024-11-01,10:16:33,44,42,42,42,42,44,44,44,44,41,43,1055594,400567,512954,610264,676841,612888,689043,628236,654593,614198,550858
2024-11-01,10:16:35,45,42,42,42,42,44,44,44,44,41,43,615524,444869,499172,561992,583299,661903,799776,700864,681397,565259,526486
2024-11-01,10:16:38,45,41,41,42,42,43,43,44,44,41,43,438367,429984,451719,483807,731653,591642,580.83,583056,683734,531074,577875
2024-11-01,10:16:40,44,42,41,41,42,44,44,44,44,42,42,726271,901433,1267285,400382,475079,629923,582422,991143,589411,608.26,626212
2024-11-01,10:16:42,44,41,41,41,41,45,45,45,45,42,42,545971,676289,467331,525.12,469765,685633,633.57,522108,560299,531696,601557
2024-11-01,10:16:44,44,43,43,43,42,43,44,44,44,42,42,656412,448708,519382,457503,593775,480659,586224,423845,399.95,599444,740223
2024-11-01,10:16:47,44,42,41,41,41,44,44,44,44,41,43,529499,542805,788499,437702,745985,728947,674068,567992,494816,581498,607126
2024-11-01,10:16:49,43,43,42,42,42,44,43,43,43,41,43,720389,796082,585679,445077,631696,635216,563758,672055,560652,508568,633.98
2024-11-01,10:16:51,44,41,41,42,42,43,43,42,42,41,43,614471,604933,581275,557755,621.98,640173,768383,543506,594523,627642,913139
2024-11-01,10:16:53,44,42,42,42,42,42,44,44,44,41,42,1176838,543726,541796,593416,661539,558874,598247,638984,566619,514956,526094
2024-11-01,10:16:56,44,42,42,42,42,43,43,44,44,41,43,522323,463728,617885,600147,1008315,645947,769306,512686,753874,520981,511811
2024-11-01,10:16:58,43,42,42,42,42,43,42,42,42,41,42,677.96,550385,644.34,808844,502066,597582,580.54,452765,567069,533224,537.56
2024-11-01,10:17:00,44,41,41,41,42,44,44,44,43,41,43,459271,575.01,637529,456294,543692,644503,533962,702955,636746,615578,592623
2024-11-01,10:17:03,44,42,42,42,41,44,44,44,43,42,43,736016,416317,542686,590148,578438,505.14,399541,454344,544.18,399904,399.91
2024-11-01,10:17:05,44,42,42,42,41,44,44,43,43,42,42,657647,858429,591569,495403,560.27,529368,601243,562295,599782,513593,578873
2024-11-01,10:17:07,44,41,41,41,41,42,42,43,43,42,41,737024,500788,529.82,478486,615418,775632,641089,884432,563123,643976,566911
2024-11-01,10:17:09,44,42,42,42,42,43,43,43,43,42,43,762732,898463,515317,506932,622048,558847,581229,594474,750023,531961,540.7
2024-11-01,10:17:12,44,41,41,41,42,44,42,42,42,42,42,563316,688279,508625,640406,519241,684359,629374,598494,481074,507287,593587
2024-11-01,10:17:14,44,41,41,41,41,42,42,44,44,40,42,617743,646.97,654827,454357,653992,527561,608293,820677,537292,682687,553931
2024-11-01,10:17:16,44,41,41,41,41,43,43,43,43,42,42,741023,809826,597498,555.85,686695,491415,647175,976.1,672943,728221,532.33
2024-11-01,10:17:18,44,41,41,41,41,42,42,41,41,42,42,748836,1182136,510326,429541,479926,770763,1157497,603003,587692,606.27,606658
2024-11-01,10:17:21,44,41,41,41,41,42,42,42,42,42,42,636635,834495,588088,708938,568632,540805,646293,621607,880602,584856,481642
2024-11-01,10:17:23,44,41,41,41,41,42,42,42,42,42,43,440058,629987,606464,428003,645527,488883,718201,569587,534424,638975,666348
2024-11-01,10:17:25,44,41,41,41,42,44,44,43,43,42,43,461369,461622,576.53,508442,449922,525713,679645,758165,748257,627206,592336
2024-11-01,10:17:27,43,41,41,41,41,42,42,42,42,41,42,515693,723.39,1300568,1125627,533666,613573,591586,699554,544755,606918,639943
2024-11-01,10:17:30,43,41,41,41,41,43,43,42,42,42,42,689005,845712,619442,518981,486857,549748,606991,533.32,557087,574292,597865
2024-11-01,10:17:32,44,41,41,41,42,43,43,43,43,42,43,617844,860755,728893,440762,512766,547762,570043,511072,519204,483713,584871
2024-11-01,10:17:34,44,43,43,43,43,42,42,42,42,42,43,759895,1206719,1088815,994368,986404,1224881,994754,1059.37,911368,797884,627184
2024-11-01,10:17:36,46,46,46,44,44,45,45,45,45,44,45,2704229,1351258,1373134,635112,968742,834904,799326,784821,677.89,609519,774783
2024-11-01,10:17:39,44,43,43,42,42,44,44,44,44,42,44,803835,835669,828197,696625,889891,589661,584079,613104,499137,866554,1355191
2024-11-01,10:17:41,45,43,43,43,43,44,44,44,44,42,45,1090274,858578,989796,857.27,928.84,1097994,1238611,847843,796127,728179,808616
2024-11-01,10:17:43,45,44,44,44,44,44,44,44,44,44,44,842.43,661549,1017864,1360948,828932,953104,979815,881569,871856,717682,756164
2024-11-01,10:17:46,45,44,44,44,44,44,44,45,45,44,45,917.98,1141737,790352,732046,776578,595543,592634,646556,677549,844331,736299
2024-11-01,10:17:48,44,42,42,42,42,44,44,44,44,42,43,480061,671651,515147,671746,780386,604328,713433,457216,590812,751.69,842672
2024-11-01,10:17:50,46,42,41,41,41,44,44,44,44,42,44,531135,468418,863.5,901.47,540421,635913,646696,700121,655388,637591,756519
2024-11-01,10:17:52,46,42,42,42,42,44,44,44,44,42,44,743826,686815,1672785,565816,564866,604098,823913,855359,541459,592256,531544
2024-11-01,10:17:55,44,41,41,43,43,44,44,44,44,41,43,602962,641.79,523218,787458,480532,543061,525412,478.96,704885,511047,807187
2024-11-01,10:17:57,43,42,42,42,42,42,42,44,44,42,43,490644,640777,610.1,561308,682108,580426,494249,491126,580303,590367,723641
2024-11-01,10:17:59,44,42,42,42,42,45,45,44,44,42,42,566464,656614,688578,461102,517979,453083,660194,560379,569146,691985,775094
2024-11-01,10:18:01,44,41,41,41,41,43,43,43,44,42,44,541.43,594673,519647,709855,686.64,498558,474797,621428,535926,525512,633501
2024-11-01,10:18:04,44,41,42,42,42,44,44,44,44,41,42,498739,570782,568691,645313,690095,542282,470458,512.71,622683,505062,530775
2024-11-01,10:18:06,43,41,41,41,41,43,43,42,42,41,42,476136,677043,666735,491.39,494972,560299,519021,764067,691978,516924,527737
2024-11-01,10:18:08,44,42,42,42,42,44,44,44,44,41,43,987998,686041,582.85,961433,676376,671461,756255,565689,530698,704131,491012
2024-11-01,10:18:10,44,42,42,42,42,42,42,42,42,42,43,713548,702191,519505,668956,553161,620555,705241,674992,560756,732293,519089
2024-11-01,10:18:13,44,43,43,43,43,44,42,42,42,39,43,1252506,1281314,1975842,3379083,2142518,1654503,2693.25,2162624,500541,625255,501639
2024-11-01,10:18:15,45,42,42,42,42,44,42,42,42,42,43,539.31,720413,521989,610.01,494.33,708848,639928,935643,638208,599433,548899
2024-11-01,10:18:17,44,41,41,42,42,42,42,44,44,41,42,895667,525894,739603,590831,642997,798815,728613,406.6,459261,687281,764468
2024-11-01,10:18:20,43,43,43,42,42,42,42,44,44,41,44,483754,457663,624.71,803667,701815,591909,482807,675497,561025,544489,409554
2024-11-01,10:18:22,44,42,42,42,42,45,45,43,43,42,42,452496,428.59,501985,683316,527386,687807,745504,746167,479945,557284,491848
2024-11-01,10:18:24,44,43,42,42,43,44,44,44,43,41,43,539527,508586,630614,664581,568099,567667,530569,586505,526.66,510633,555208
2024-11-01,10:18:26,44,42,42,42,42,43,43,43,43,41,42,711082,473173,656085,1008336,500498,524981,665604,513325,534.42,517794,558912
2024-11-01,10:18:29,44,43,43,42,42,44,44,44,44,42,44,470325,509678,556373,596094,725812,773806,525.92,919519,524205,519454,722593
2024-11-01,10:18:31,44,43,43,43,43,44,44,44,44,42,43,452002,560735,586554,821914,775972,684.05,656629,918268,561694,539943,697668
2024-11-01,10:18:33,44,42,42,42,42,44,44,44,44,42,42,1155987,601969,681023,489191,688971,863593,656583,796379,585975,522061,645785
2024-11-01,10:18:35,44,42,42,42,42,44,42,42,42,41,42,504.46,463984,595758,537527,611426,631196,646213,600838,685291,625148,577966
2024-11-01,10:18:38,44,42,42,42,42,43,43,42,42,42,43,578286,585171,592.6,455657,534816,873.28,953111,1534.47,473796,519085,596063
2024-11-01,10:18:40,43,42,41,41,41,44,44,44,44,41,41,540246,683307,497447,635.11,802.63,690476,670739,916864,670.58,498654,530672
2024-11-01,10:18:42,44,42,41,41,41,42,42,42,44,42,42,665668,876287,590988,532252,732788,565115,578.02,731461,489762,530938,600888
2024-11-01,10:18:44,43,42,42,42,42,44,44,44,44,41,41,746378,991165,464487,473.1,614613,537926,588371,584713,544396,575953,595012
2024-11-01,10:18:47,43,42,42,42,42,42,42,42,42,41,41,449486,435927,559.96,441677,554265,860855,590537,641.7,683.81,644988,548683
2024-11-01,10:18:49,44,42,42,42,42,42,42,42,42,39,42,494948,509196,829564,475842,564473,677638,870581,771233,585502,505.84,661784
2024-11-01,10:18:51,43,41,41,41,41,42,42,42,42,42,42,480803,461371,546674,586081,620342,723944,678298,516506,509844,603692,801077
2024-11-01,10:18:53,44,42,42,42,41,42,42,42,42,39,42,1279511,743762,482748,460263,622.98,521691,651713,735797,571621,555294,558041
2024-11-01,10:18:56,43,41,42,42,42,41,41,41,41,42,42,585182,640194,703434,597271,548.79,648112,631116,464516,474886,512791,587573
2024-11-01,10:18:58,43,42,42,42,42,41,41,43,43,41,41,894.64,830662,831441,659843,562.5,525436,578115,526894,607029,695533,603427
2024-11-01,10:19:00,44,42,42,42,42,41,41,41,42,42,41,587838,709557,1392.18,436647,607814,839246,592198,600.17,760848,497081,657818
2024-11-01,10:19:03,44,41,41,41,42,42,42,42,42,41,41,671446,782128,718716,738547,567884,549301,686868,847076,630193,528453,666445
2024-11-01,10:19:05,43,41,41,41,41,42,42,42,42,42,42,880958,732114,632987,449806,494029,626399,482691,900996,703251,552971,656372
2024-11-01,10:19:07,44,42,42,42,41,44,44,44,44,41,43,959453,891249,774261,1126107,909997,1033739,1057344,978167,787708,694029,1024809
2024-11-01,10:19:09,44,43,43,43,43,44,44,44,44,42,43,606635,616386,661686,700189,703751,649361,634229,719.62,608987,684196,658946
2024-11-01,10:19:12,44,43,43,42,42,42,42,44,44,41,43,713994,682738,620077,621819,537436,514.01,497416,851861,557603,748418,598388
2024-11-01,10:19:14,44,42,42,42,41,42,42,42,42,41,42,833716,642.22,1095717,801104,662966,663201,542273,754256,691941,879477,532286
2024-11-01,10:19:16,44,42,42,43,43,43,42,42,42,41,42,784.23,776499,1452099,746865,897865,784759,945439,987129,1091354,527349,570962
